Workbook

Sheet 요약
A1: 과목별 최종 점수
A2: 계산기 시트에서 자동으로 계산됩니다. 과목을 추가하면 아래 빈 칸에 과목 이름만 적으세요.
A4: 과목 | B4: 최종 점수 | C4: 반영비율 합(%) | D4: 결시 항목 수 | E4: 상태
A5: 국어 | B5: =IF(A5="","",ROUND(SUMIFS(계산기!$M$6:$M$43,계산기!$A$6:$A$43,A5),2)) -> 0 | C5: =IF(A5="","",SUMIFS(계산기!$D$6:$D$43,계산기!$A$6:$A$43,A5)) -> 100 | D5: =IF(A5="","",COUNTIFS(계산기!$A$6:$A$43,A5,계산기!$F$6:$F$43,"결시")) -> 0 | E5: =IF(A5="","",IF(C5<>100,"반영비율 합이 100이 아님",IF(COUNTIFS(계산기!$A$6:$A$43,A5)=0,"계산기에 항목 없음",IF(COUNTIFS(계산기!$A$6:$A$43,A5,계산기!$M$6:$M$43,"")>0,"입력 중","완료")))) -> 입력 중
A6: 영어 | B6: =IF(A6="","",ROUND(SUMIFS(계산기!$M$6:$M$43,계산기!$A$6:$A$43,A6),2)) -> 0 | C6: =IF(A6="","",SUMIFS(계산기!$D$6:$D$43,계산기!$A$6:$A$43,A6)) -> 100 | D6: =IF(A6="","",COUNTIFS(계산기!$A$6:$A$43,A6,계산기!$F$6:$F$43,"결시")) -> 0 | E6: =IF(A6="","",IF(C6<>100,"반영비율 합이 100이 아님",IF(COUNTIFS(계산기!$A$6:$A$43,A6)=0,"계산기에 항목 없음",IF(COUNTIFS(계산기!$A$6:$A$43,A6,계산기!$M$6:$M$43,"")>0,"입력 중","완료")))) -> 입력 중
A7: 수학 | B7: =IF(A7="","",ROUND(SUMIFS(계산기!$M$6:$M$43,계산기!$A$6:$A$43,A7),2)) -> 0 | C7: =IF(A7="","",SUMIFS(계산기!$D$6:$D$43,계산기!$A$6:$A$43,A7)) -> 100 | D7: =IF(A7="","",COUNTIFS(계산기!$A$6:$A$43,A7,계산기!$F$6:$F$43,"결시")) -> 0 | E7: =IF(A7="","",IF(C7<>100,"반영비율 합이 100이 아님",IF(COUNTIFS(계산기!$A$6:$A$43,A7)=0,"계산기에 항목 없음",IF(COUNTIFS(계산기!$A$6:$A$43,A7,계산기!$M$6:$M$43,"")>0,"입력 중","완료")))) -> 입력 중
A8: 사회 | B8: =IF(A8="","",ROUND(SUMIFS(계산기!$M$6:$M$43,계산기!$A$6:$A$43,A8),2)) -> 0 | C8: =IF(A8="","",SUMIFS(계산기!$D$6:$D$43,계산기!$A$6:$A$43,A8)) -> 100 | D8: =IF(A8="","",COUNTIFS(계산기!$A$6:$A$43,A8,계산기!$F$6:$F$43,"결시")) -> 0 | E8: =IF(A8="","",IF(C8<>100,"반영비율 합이 100이 아님",IF(COUNTIFS(계산기!$A$6:$A$43,A8)=0,"계산기에 항목 없음",IF(COUNTIFS(계산기!$A$6:$A$43,A8,계산기!$M$6:$M$43,"")>0,"입력 중","완료")))) -> 입력 중
A9: 과학 | B9: =IF(A9="","",ROUND(SUMIFS(계산기!$M$6:$M$43,계산기!$A$6:$A$43,A9),2)) -> 0 | C9: =IF(A9="","",SUMIFS(계산기!$D$6:$D$43,계산기!$A$6:$A$43,A9)) -> 100 | D9: =IF(A9="","",COUNTIFS(계산기!$A$6:$A$43,A9,계산기!$F$6:$F$43,"결시")) -> 0 | E9: =IF(A9="","",IF(C9<>100,"반영비율 합이 100이 아님",IF(COUNTIFS(계산기!$A$6:$A$43,A9)=0,"계산기에 항목 없음",IF(COUNTIFS(계산기!$A$6:$A$43,A9,계산기!$M$6:$M$43,"")>0,"입력 중","완료")))) -> 입력 중
A10: 과학실험 | B10: =IF(A10="","",ROUND(SUMIFS(계산기!$M$6:$M$43,계산기!$A$6:$A$43,A10),2)) -> 0 | C10: =IF(A10="","",SUMIFS(계산기!$D$6:$D$43,계산기!$A$6:$A$43,A10)) -> 100 | D10: =IF(A10="","",COUNTIFS(계산기!$A$6:$A$43,A10,계산기!$F$6:$F$43,"결시")) -> 0 | E10: =IF(A10="","",IF(C10<>100,"반영비율 합이 100이 아님",IF(COUNTIFS(계산기!$A$6:$A$43,A10)=0,"계산기에 항목 없음",IF(COUNTIFS(계산기!$A$6:$A$43,A10,계산기!$M$6:$M$43,"")>0,"입력 중","완료")))) -> 입력 중
B11: =IF(A11="","",ROUND(SUMIFS(계산기!$M$6:$M$43,계산기!$A$6:$A$43,A11),2)) | C11: =IF(A11="","",SUMIFS(계산기!$D$6:$D$43,계산기!$A$6:$A$43,A11)) | D11: =IF(A11="","",COUNTIFS(계산기!$A$6:$A$43,A11,계산기!$F$6:$F$43,"결시")) | E11: =IF(A11="","",IF(C11<>100,"반영비율 합이 100이 아님",IF(COUNTIFS(계산기!$A$6:$A$43,A11)=0,"계산기에 항목 없음",IF(COUNTIFS(계산기!$A$6:$A$43,A11,계산기!$M$6:$M$43,"")>0,"입력 중","완료"))))
B12: =IF(A12="","",ROUND(SUMIFS(계산기!$M$6:$M$43,계산기!$A$6:$A$43,A12),2)) | C12: =IF(A12="","",SUMIFS(계산기!$D$6:$D$43,계산기!$A$6:$A$43,A12)) | D12: =IF(A12="","",COUNTIFS(계산기!$A$6:$A$43,A12,계산기!$F$6:$F$43,"결시")) | E12: =IF(A12="","",IF(C12<>100,"반영비율 합이 100이 아님",IF(COUNTIFS(계산기!$A$6:$A$43,A12)=0,"계산기에 항목 없음",IF(COUNTIFS(계산기!$A$6:$A$43,A12,계산기!$M$6:$M$43,"")>0,"입력 중","완료"))))
B13: =IF(A13="","",ROUND(SUMIFS(계산기!$M$6:$M$43,계산기!$A$6:$A$43,A13),2)) | C13: =IF(A13="","",SUMIFS(계산기!$D$6:$D$43,계산기!$A$6:$A$43,A13)) | D13: =IF(A13="","",COUNTIFS(계산기!$A$6:$A$43,A13,계산기!$F$6:$F$43,"결시")) | E13: =IF(A13="","",IF(C13<>100,"반영비율 합이 100이 아님",IF(COUNTIFS(계산기!$A$6:$A$43,A13)=0,"계산기에 항목 없음",IF(COUNTIFS(계산기!$A$6:$A$43,A13,계산기!$M$6:$M$43,"")>0,"입력 중","완료"))))

Sheet 계산기
A1: 결시 인정점 계산기
A2: 노란 칸만 입력하세요. 보지 못한 항목은 '응시'를 '결시'로 바꾸고 사유를 고릅니다. 정기시험 결시는 같은 과목에서 본 시험의 점수·평균으로(⑥-1), 정기시험이 모두 없으면 수행평가로(⑥-2) 계산합니다. 수행평가 결시는 만점의 30%입니다.
A3: 평균: 결시한 시험은 그 시험의 과목평균, 응시한 시험은 그 시험의 과목평균(결시 계산에 쓰임)을 넣습니다. 위원회 심의(점수가 하나도 없음)일 때는 '직접 입력'에 학교가 정한 값을 넣습니다.
A5: 과목 | B5: 항목 | C5: 구분 | D5: 반영비율(%) | E5: 만점 | F5: 응시/결시 | G5: 결시 사유 | H5: 원점수 | I5: 과목·영역 평균 | J5: 직접 입력(위원회) | K5: 인정점 | L5: 적용 점수 | M5: 반영점수 | N5: 산출 근거
A6: 국어 | B6: 중간고사 | C6: 정기시험 | D6: 30 | E6: 100 | F6: 응시 | G6: 질병 | K6: =IF(F6<>"결시","",IF(J6<>"",J6,IF(C6="수행평가",ROUND(E6*설정!$B$5,2),IF(I6="","평균 입력 필요",IFERROR(IF(COUNTIFS($A$6:$A$43,A6,$C$6:$C$43,"정기시험",$F$6:$F$43,"응시",$H$6:$H$43,"<>")>0,MIN(E6,ROUND(SUMIFS($H$6:$H$43,$A$6:$A$43,A6,$C$6:$C$43,"정기시험",$F$6:$F$43,"응시",$H$6:$H$43,"<>")*I6/SUMIFS($I$6:$I$43,$A$6:$A$43,A6,$C$6:$C$43,"정기시험",$F$6:$F$43,"응시",$H$6:$H$43,"<>")*IF(G6="출석인정",설정!$B$4,설정!$B$3),2)),IF(COUNTIFS($A$6:$A$43,A6,$C$6:$C$43,"수행평가",$F$6:$F$43,"응시",$H$6:$H$43,"<>")>0,MIN(E6,ROUND(SUMIFS($H$6:$H$43,$A$6:$A$43,A6,$C$6:$C$43,"수행평가",$F$6:$F$43,"응시",$H$6:$H$43,"<>")*I6/SUMIFS($I$6:$I$43,$A$6:$A$43,A6,$C$6:$C$43,"수행평가",$F$6:$F$43,"응시",$H$6:$H$43,"<>")*IF(G6="출석인정",설정!$B$4,설정!$B$3),2)),"위원회 심의")),"기준 시험 평균 입력 필요"))))) | L6: =IF(A6="","",IF(F6="결시",IF(ISNUMBER(K6),K6,""),IF(H6="","",H6))) | M6: =IF(AND(ISNUMBER(L6),N(E6)>0),L6/E6*D6,"") | N6: =IF(F6<>"결시","",IF(J6<>"","직접 입력",IF(C6="수행평가","만점의 "&TEXT(설정!$B$5,"0%")&" (기본점수)",IF(COUNTIFS($A$6:$A$43,A6,$C$6:$C$43,"정기시험",$F$6:$F$43,"응시",$H$6:$H$43,"<>")>0,"⑥-1 응시한 정기시험 기준 × "&TEXT(IF(G6="출석인정",설정!$B$4,설정!$B$3),"0%"),IF(COUNTIFS($A$6:$A$43,A6,$C$6:$C$43,"수행평가",$F$6:$F$43,"응시",$H$6:$H$43,"<>")>0,"⑥-2 응시한 수행평가 기준 × "&TEXT(IF(G6="출석인정",설정!$B$4,설정!$B$3),"0%"),"⑧ 위원회 심의")))))
A7: 국어 | B7: 기말고사 | C7: 정기시험 | D7: 30 | E7: 100 | F7: 응시 | G7: 질병 | K7: =IF(F7<>"결시","",IF(J7<>"",J7,IF(C7="수행평가",ROUND(E7*설정!$B$5,2),IF(I7="","평균 입력 필요",IFERROR(IF(COUNTIFS($A$6:$A$43,A7,$C$6:$C$43,"정기시험",$F$6:$F$43,"응시",$H$6:$H$43,"<>")>0,MIN(E7,ROUND(SUMIFS($H$6:$H$43,$A$6:$A$43,A7,$C$6:$C$43,"정기시험",$F$6:$F$43,"응시",$H$6:$H$43,"<>")*I7/SUMIFS($I$6:$I$43,$A$6:$A$43,A7,$C$6:$C$43,"정기시험",$F$6:$F$43,"응시",$H$6:$H$43,"<>")*IF(G7="출석인정",설정!$B$4,설정!$B$3),2)),IF(COUNTIFS($A$6:$A$43,A7,$C$6:$C$43,"수행평가",$F$6:$F$43,"응시",$H$6:$H$43,"<>")>0,MIN(E7,ROUND(SUMIFS($H$6:$H$43,$A$6:$A$43,A7,$C$6:$C$43,"수행평가",$F$6:$F$43,"응시",$H$6:$H$43,"<>")*I7/SUMIFS($I$6:$I$43,$A$6:$A$43,A7,$C$6:$C$43,"수행평가",$F$6:$F$43,"응시",$H$6:$H$43,"<>")*IF(G7="출석인정",설정!$B$4,설정!$B$3),2)),"위원회 심의")),"기준 시험 평균 입력 필요"))))) | L7: =IF(A7="","",IF(F7="결시",IF(ISNUMBER(K7),K7,""),IF(H7="","",H7))) | M7: =IF(AND(ISNUMBER(L7),N(E7)>0),L7/E7*D7,"") | N7: =IF(F7<>"결시","",IF(J7<>"","직접 입력",IF(C7="수행평가","만점의 "&TEXT(설정!$B$5,"0%")&" (기본점수)",IF(COUNTIFS($A$6:$A$43,A7,$C$6:$C$43,"정기시험",$F$6:$F$43,"응시",$H$6:$H$43,"<>")>0,"⑥-1 응시한 정기시험 기준 × "&TEXT(IF(G7="출석인정",설정!$B$4,설정!$B$3),"0%"),IF(COUNTIFS($A$6:$A$43,A7,$C$6:$C$43,"수행평가",$F$6:$F$43,"응시",$H$6:$H$43,"<>")>0,"⑥-2 응시한 수행평가 기준 × "&TEXT(IF(G7="출석인정",설정!$B$4,설정!$B$3),"0%"),"⑧ 위원회 심의")))))
A8: 국어 | B8: 수행평가1 | C8: 수행평가 | D8: 20 | E8: 20 | F8: 응시 | G8: 질병 | K8: =IF(F8<>"결시","",IF(J8<>"",J8,IF(C8="수행평가",ROUND(E8*설정!$B$5,2),IF(I8="","평균 입력 필요",IFERROR(IF(COUNTIFS($A$6:$A$43,A8,$C$6:$C$43,"정기시험",$F$6:$F$43,"응시",$H$6:$H$43,"<>")>0,MIN(E8,ROUND(SUMIFS($H$6:$H$43,$A$6:$A$43,A8,$C$6:$C$43,"정기시험",$F$6:$F$43,"응시",$H$6:$H$43,"<>")*I8/SUMIFS($I$6:$I$43,$A$6:$A$43,A8,$C$6:$C$43,"정기시험",$F$6:$F$43,"응시",$H$6:$H$43,"<>")*IF(G8="출석인정",설정!$B$4,설정!$B$3),2)),IF(COUNTIFS($A$6:$A$43,A8,$C$6:$C$43,"수행평가",$F$6:$F$43,"응시",$H$6:$H$43,"<>")>0,MIN(E8,ROUND(SUMIFS($H$6:$H$43,$A$6:$A$43,A8,$C$6:$C$43,"수행평가",$F$6:$F$43,"응시",$H$6:$H$43,"<>")*I8/SUMIFS($I$6:$I$43,$A$6:$A$43,A8,$C$6:$C$43,"수행평가",$F$6:$F$43,"응시",$H$6:$H$43,"<>")*IF(G8="출석인정",설정!$B$4,설정!$B$3),2)),"위원회 심의")),"기준 시험 평균 입력 필요"))))) | L8: =IF(A8="","",IF(F8="결시",IF(ISNUMBER(K8),K8,""),IF(H8="","",H8))) | M8: =IF(AND(ISNUMBER(L8),N(E8)>0),L8/E8*D8,"") | N8: =IF(F8<>"결시","",IF(J8<>"","직접 입력",IF(C8="수행평가","만점의 "&TEXT(설정!$B$5,"0%")&" (기본점수)",IF(COUNTIFS($A$6:$A$43,A8,$C$6:$C$43,"정기시험",$F$6:$F$43,"응시",$H$6:$H$43,"<>")>0,"⑥-1 응시한 정기시험 기준 × "&TEXT(IF(G8="출석인정",설정!$B$4,설정!$B$3),"0%"),IF(COUNTIFS($A$6:$A$43,A8,$C$6:$C$43,"수행평가",$F$6:$F$43,"응시",$H$6:$H$43,"<>")>0,"⑥-2 응시한 수행평가 기준 × "&TEXT(IF(G8="출석인정",설정!$B$4,설정!$B$3),"0%"),"⑧ 위원회 심의")))))
A9: 국어 | B9: 수행평가2 | C9: 수행평가 | D9: 20 | E9: 20 | F9: 응시 | G9: 질병 | K9: =IF(F9<>"결시","",IF(J9<>"",J9,IF(C9="수행평가",ROUND(E9*설정!$B$5,2),IF(I9="","평균 입력 필요",IFERROR(IF(COUNTIFS($A$6:$A$43,A9,$C$6:$C$43,"정기시험",$F$6:$F$43,"응시",$H$6:$H$43,"<>")>0,MIN(E9,ROUND(SUMIFS($H$6:$H$43,$A$6:$A$43,A9,$C$6:$C$43,"정기시험",$F$6:$F$43,"응시",$H$6:$H$43,"<>")*I9/SUMIFS($I$6:$I$43,$A$6:$A$43,A9,$C$6:$C$43,"정기시험",$F$6:$F$43,"응시",$H$6:$H$43,"<>")*IF(G9="출석인정",설정!$B$4,설정!$B$3),2)),IF(COUNTIFS($A$6:$A$43,A9,$C$6:$C$43,"수행평가",$F$6:$F$43,"응시",$H$6:$H$43,"<>")>0,MIN(E9,ROUND(SUMIFS($H$6:$H$43,$A$6:$A$43,A9,$C$6:$C$43,"수행평가",$F$6:$F$43,"응시",$H$6:$H$43,"<>")*I9/SUMIFS($I$6:$I$43,$A$6:$A$43,A9,$C$6:$C$43,"수행평가",$F$6:$F$43,"응시",$H$6:$H$43,"<>")*IF(G9="출석인정",설정!$B$4,설정!$B$3),2)),"위원회 심의")),"기준 시험 평균 입력 필요"))))) | L9: =IF(A9="","",IF(F9="결시",IF(ISNUMBER(K9),K9,""),IF(H9="","",H9))) | M9: =IF(AND(ISNUMBER(L9),N(E9)>0),L9/E9*D9,"") | N9: =IF(F9<>"결시","",IF(J9<>"","직접 입력",IF(C9="수행평가","만점의 "&TEXT(설정!$B$5,"0%")&" (기본점수)",IF(COUNTIFS($A$6:$A$43,A9,$C$6:$C$43,"정기시험",$F$6:$F$43,"응시",$H$6:$H$43,"<>")>0,"⑥-1 응시한 정기시험 기준 × "&TEXT(IF(G9="출석인정",설정!$B$4,설정!$B$3),"0%"),IF(COUNTIFS($A$6:$A$43,A9,$C$6:$C$43,"수행평가",$F$6:$F$43,"응시",$H$6:$H$43,"<>")>0,"⑥-2 응시한 수행평가 기준 × "&TEXT(IF(G9="출석인정",설정!$B$4,설정!$B$3),"0%"),"⑧ 위원회 심의")))))
A10: 영어 | B10: 중간고사 | C10: 정기시험 | D10: 30 | E10: 100 | F10: 응시 | G10: 질병 | K10: =IF(F10<>"결시","",IF(J10<>"",J10,IF(C10="수행평가",ROUND(E10*설정!$B$5,2),IF(I10="","평균 입력 필요",IFERROR(IF(COUNTIFS($A$6:$A$43,A10,$C$6:$C$43,"정기시험",$F$6:$F$43,"응시",$H$6:$H$43,"<>")>0,MIN(E10,ROUND(SUMIFS($H$6:$H$43,$A$6:$A$43,A10,$C$6:$C$43,"정기시험",$F$6:$F$43,"응시",$H$6:$H$43,"<>")*I10/SUMIFS($I$6:$I$43,$A$6:$A$43,A10,$C$6:$C$43,"정기시험",$F$6:$F$43,"응시",$H$6:$H$43,"<>")*IF(G10="출석인정",설정!$B$4,설정!$B$3),2)),IF(COUNTIFS($A$6:$A$43,A10,$C$6:$C$43,"수행평가",$F$6:$F$43,"응시",$H$6:$H$43,"<>")>0,MIN(E10,ROUND(SUMIFS($H$6:$H$43,$A$6:$A$43,A10,$C$6:$C$43,"수행평가",$F$6:$F$43,"응시",$H$6:$H$43,"<>")*I10/SUMIFS($I$6:$I$43,$A$6:$A$43,A10,$C$6:$C$43,"수행평가",$F$6:$F$43,"응시",$H$6:$H$43,"<>")*IF(G10="출석인정",설정!$B$4,설정!$B$3),2)),"위원회 심의")),"기준 시험 평균 입력 필요"))))) | L10: =IF(A10="","",IF(F10="결시",IF(ISNUMBER(K10),K10,""),IF(H10="","",H10))) | M10: =IF(AND(ISNUMBER(L10),N(E10)>0),L10/E10*D10,"") | N10: =IF(F10<>"결시","",IF(J10<>"","직접 입력",IF(C10="수행평가","만점의 "&TEXT(설정!$B$5,"0%")&" (기본점수)",IF(COUNTIFS($A$6:$A$43,A10,$C$6:$C$43,"정기시험",$F$6:$F$43,"응시",$H$6:$H$43,"<>")>0,"⑥-1 응시한 정기시험 기준 × "&TEXT(IF(G10="출석인정",설정!$B$4,설정!$B$3),"0%"),IF(COUNTIFS($A$6:$A$43,A10,$C$6:$C$43,"수행평가",$F$6:$F$43,"응시",$H$6:$H$43,"<>")>0,"⑥-2 응시한 수행평가 기준 × "&TEXT(IF(G10="출석인정",설정!$B$4,설정!$B$3),"0%"),"⑧ 위원회 심의")))))
A11: 영어 | B11: 기말고사 | C11: 정기시험 | D11: 30 | E11: 100 | F11: 응시 | G11: 질병 | K11: =IF(F11<>"결시","",IF(J11<>"",J11,IF(C11="수행평가",ROUND(E11*설정!$B$5,2),IF(I11="","평균 입력 필요",IFERROR(IF(COUNTIFS($A$6:$A$43,A11,$C$6:$C$43,"정기시험",$F$6:$F$43,"응시",$H$6:$H$43,"<>")>0,MIN(E11,ROUND(SUMIFS($H$6:$H$43,$A$6:$A$43,A11,$C$6:$C$43,"정기시험",$F$6:$F$43,"응시",$H$6:$H$43,"<>")*I11/SUMIFS($I$6:$I$43,$A$6:$A$43,A11,$C$6:$C$43,"정기시험",$F$6:$F$43,"응시",$H$6:$H$43,"<>")*IF(G11="출석인정",설정!$B$4,설정!$B$3),2)),IF(COUNTIFS($A$6:$A$43,A11,$C$6:$C$43,"수행평가",$F$6:$F$43,"응시",$H$6:$H$43,"<>")>0,MIN(E11,ROUND(SUMIFS($H$6:$H$43,$A$6:$A$43,A11,$C$6:$C$43,"수행평가",$F$6:$F$43,"응시",$H$6:$H$43,"<>")*I11/SUMIFS($I$6:$I$43,$A$6:$A$43,A11,$C$6:$C$43,"수행평가",$F$6:$F$43,"응시",$H$6:$H$43,"<>")*IF(G11="출석인정",설정!$B$4,설정!$B$3),2)),"위원회 심의")),"기준 시험 평균 입력 필요"))))) | L11: =IF(A11="","",IF(F11="결시",IF(ISNUMBER(K11),K11,""),IF(H11="","",H11))) | M11: =IF(AND(ISNUMBER(L11),N(E11)>0),L11/E11*D11,"") | N11: =IF(F11<>"결시","",IF(J11<>"","직접 입력",IF(C11="수행평가","만점의 "&TEXT(설정!$B$5,"0%")&" (기본점수)",IF(COUNTIFS($A$6:$A$43,A11,$C$6:$C$43,"정기시험",$F$6:$F$43,"응시",$H$6:$H$43,"<>")>0,"⑥-1 응시한 정기시험 기준 × "&TEXT(IF(G11="출석인정",설정!$B$4,설정!$B$3),"0%"),IF(COUNTIFS($A$6:$A$43,A11,$C$6:$C$43,"수행평가",$F$6:$F$43,"응시",$H$6:$H$43,"<>")>0,"⑥-2 응시한 수행평가 기준 × "&TEXT(IF(G11="출석인정",설정!$B$4,설정!$B$3),"0%"),"⑧ 위원회 심의")))))
A12: 영어 | B12: 수행평가1 | C12: 수행평가 | D12: 20 | E12: 20 | F12: 응시 | G12: 질병 | K12: =IF(F12<>"결시","",IF(J12<>"",J12,IF(C12="수행평가",ROUND(E12*설정!$B$5,2),IF(I12="","평균 입력 필요",IFERROR(IF(COUNTIFS($A$6:$A$43,A12,$C$6:$C$43,"정기시험",$F$6:$F$43,"응시",$H$6:$H$43,"<>")>0,MIN(E12,ROUND(SUMIFS($H$6:$H$43,$A$6:$A$43,A12,$C$6:$C$43,"정기시험",$F$6:$F$43,"응시",$H$6:$H$43,"<>")*I12/SUMIFS($I$6:$I$43,$A$6:$A$43,A12,$C$6:$C$43,"정기시험",$F$6:$F$43,"응시",$H$6:$H$43,"<>")*IF(G12="출석인정",설정!$B$4,설정!$B$3),2)),IF(COUNTIFS($A$6:$A$43,A12,$C$6:$C$43,"수행평가",$F$6:$F$43,"응시",$H$6:$H$43,"<>")>0,MIN(E12,ROUND(SUMIFS($H$6:$H$43,$A$6:$A$43,A12,$C$6:$C$43,"수행평가",$F$6:$F$43,"응시",$H$6:$H$43,"<>")*I12/SUMIFS($I$6:$I$43,$A$6:$A$43,A12,$C$6:$C$43,"수행평가",$F$6:$F$43,"응시",$H$6:$H$43,"<>")*IF(G12="출석인정",설정!$B$4,설정!$B$3),2)),"위원회 심의")),"기준 시험 평균 입력 필요"))))) | L12: =IF(A12="","",IF(F12="결시",IF(ISNUMBER(K12),K12,""),IF(H12="","",H12))) | M12: =IF(AND(ISNUMBER(L12),N(E12)>0),L12/E12*D12,"") | N12: =IF(F12<>"결시","",IF(J12<>"","직접 입력",IF(C12="수행평가","만점의 "&TEXT(설정!$B$5,"0%")&" (기본점수)",IF(COUNTIFS($A$6:$A$43,A12,$C$6:$C$43,"정기시험",$F$6:$F$43,"응시",$H$6:$H$43,"<>")>0,"⑥-1 응시한 정기시험 기준 × "&TEXT(IF(G12="출석인정",설정!$B$4,설정!$B$3),"0%"),IF(COUNTIFS($A$6:$A$43,A12,$C$6:$C$43,"수행평가",$F$6:$F$43,"응시",$H$6:$H$43,"<>")>0,"⑥-2 응시한 수행평가 기준 × "&TEXT(IF(G12="출석인정",설정!$B$4,설정!$B$3),"0%"),"⑧ 위원회 심의")))))
A13: 영어 | B13: 수행평가2 | C13: 수행평가 | D13: 20 | E13: 20 | F13: 응시 | G13: 질병 | K13: =IF(F13<>"결시","",IF(J13<>"",J13,IF(C13="수행평가",ROUND(E13*설정!$B$5,2),IF(I13="","평균 입력 필요",IFERROR(IF(COUNTIFS($A$6:$A$43,A13,$C$6:$C$43,"정기시험",$F$6:$F$43,"응시",$H$6:$H$43,"<>")>0,MIN(E13,ROUND(SUMIFS($H$6:$H$43,$A$6:$A$43,A13,$C$6:$C$43,"정기시험",$F$6:$F$43,"응시",$H$6:$H$43,"<>")*I13/SUMIFS($I$6:$I$43,$A$6:$A$43,A13,$C$6:$C$43,"정기시험",$F$6:$F$43,"응시",$H$6:$H$43,"<>")*IF(G13="출석인정",설정!$B$4,설정!$B$3),2)),IF(COUNTIFS($A$6:$A$43,A13,$C$6:$C$43,"수행평가",$F$6:$F$43,"응시",$H$6:$H$43,"<>")>0,MIN(E13,ROUND(SUMIFS($H$6:$H$43,$A$6:$A$43,A13,$C$6:$C$43,"수행평가",$F$6:$F$43,"응시",$H$6:$H$43,"<>")*I13/SUMIFS($I$6:$I$43,$A$6:$A$43,A13,$C$6:$C$43,"수행평가",$F$6:$F$43,"응시",$H$6:$H$43,"<>")*IF(G13="출석인정",설정!$B$4,설정!$B$3),2)),"위원회 심의")),"기준 시험 평균 입력 필요"))))) | L13: =IF(A13="","",IF(F13="결시",IF(ISNUMBER(K13),K13,""),IF(H13="","",H13))) | M13: =IF(AND(ISNUMBER(L13),N(E13)>0),L13/E13*D13,"") | N13: =IF(F13<>"결시","",IF(J13<>"","직접 입력",IF(C13="수행평가","만점의 "&TEXT(설정!$B$5,"0%")&" (기본점수)",IF(COUNTIFS($A$6:$A$43,A13,$C$6:$C$43,"정기시험",$F$6:$F$43,"응시",$H$6:$H$43,"<>")>0,"⑥-1 응시한 정기시험 기준 × "&TEXT(IF(G13="출석인정",설정!$B$4,설정!$B$3),"0%"),IF(COUNTIFS($A$6:$A$43,A13,$C$6:$C$43,"수행평가",$F$6:$F$43,"응시",$H$6:$H$43,"<>")>0,"⑥-2 응시한 수행평가 기준 × "&TEXT(IF(G13="출석인정",설정!$B$4,설정!$B$3),"0%"),"⑧ 위원회 심의")))))
A14: 수학 | B14: 중간고사 | C14: 정기시험 | D14: 30 | E14: 100 | F14: 응시 | G14: 질병 | K14: =IF(F14<>"결시","",IF(J14<>"",J14,IF(C14="수행평가",ROUND(E14*설정!$B$5,2),IF(I14="","평균 입력 필요",IFERROR(IF(COUNTIFS($A$6:$A$43,A14,$C$6:$C$43,"정기시험",$F$6:$F$43,"응시",$H$6:$H$43,"<>")>0,MIN(E14,ROUND(SUMIFS($H$6:$H$43,$A$6:$A$43,A14,$C$6:$C$43,"정기시험",$F$6:$F$43,"응시",$H$6:$H$43,"<>")*I14/SUMIFS($I$6:$I$43,$A$6:$A$43,A14,$C$6:$C$43,"정기시험",$F$6:$F$43,"응시",$H$6:$H$43,"<>")*IF(G14="출석인정",설정!$B$4,설정!$B$3),2)),IF(COUNTIFS($A$6:$A$43,A14,$C$6:$C$43,"수행평가",$F$6:$F$43,"응시",$H$6:$H$43,"<>")>0,MIN(E14,ROUND(SUMIFS($H$6:$H$43,$A$6:$A$43,A14,$C$6:$C$43,"수행평가",$F$6:$F$43,"응시",$H$6:$H$43,"<>")*I14/SUMIFS($I$6:$I$43,$A$6:$A$43,A14,$C$6:$C$43,"수행평가",$F$6:$F$43,"응시",$H$6:$H$43,"<>")*IF(G14="출석인정",설정!$B$4,설정!$B$3),2)),"위원회 심의")),"기준 시험 평균 입력 필요"))))) | L14: =IF(A14="","",IF(F14="결시",IF(ISNUMBER(K14),K14,""),IF(H14="","",H14))) | M14: =IF(AND(ISNUMBER(L14),N(E14)>0),L14/E14*D14,"") | N14: =IF(F14<>"결시","",IF(J14<>"","직접 입력",IF(C14="수행평가","만점의 "&TEXT(설정!$B$5,"0%")&" (기본점수)",IF(COUNTIFS($A$6:$A$43,A14,$C$6:$C$43,"정기시험",$F$6:$F$43,"응시",$H$6:$H$43,"<>")>0,"⑥-1 응시한 정기시험 기준 × "&TEXT(IF(G14="출석인정",설정!$B$4,설정!$B$3),"0%"),IF(COUNTIFS($A$6:$A$43,A14,$C$6:$C$43,"수행평가",$F$6:$F$43,"응시",$H$6:$H$43,"<>")>0,"⑥-2 응시한 수행평가 기준 × "&TEXT(IF(G14="출석인정",설정!$B$4,설정!$B$3),"0%"),"⑧ 위원회 심의")))))
A15: 수학 | B15: 기말고사 | C15: 정기시험 | D15: 30 | E15: 100 | F15: 응시 | G15: 질병 | K15: =IF(F15<>"결시","",IF(J15<>"",J15,IF(C15="수행평가",ROUND(E15*설정!$B$5,2),IF(I15="","평균 입력 필요",IFERROR(IF(COUNTIFS($A$6:$A$43,A15,$C$6:$C$43,"정기시험",$F$6:$F$43,"응시",$H$6:$H$43,"<>")>0,MIN(E15,ROUND(SUMIFS($H$6:$H$43,$A$6:$A$43,A15,$C$6:$C$43,"정기시험",$F$6:$F$43,"응시",$H$6:$H$43,"<>")*I15/SUMIFS($I$6:$I$43,$A$6:$A$43,A15,$C$6:$C$43,"정기시험",$F$6:$F$43,"응시",$H$6:$H$43,"<>")*IF(G15="출석인정",설정!$B$4,설정!$B$3),2)),IF(COUNTIFS($A$6:$A$43,A15,$C$6:$C$43,"수행평가",$F$6:$F$43,"응시",$H$6:$H$43,"<>")>0,MIN(E15,ROUND(SUMIFS($H$6:$H$43,$A$6:$A$43,A15,$C$6:$C$43,"수행평가",$F$6:$F$43,"응시",$H$6:$H$43,"<>")*I15/SUMIFS($I$6:$I$43,$A$6:$A$43,A15,$C$6:$C$43,"수행평가",$F$6:$F$43,"응시",$H$6:$H$43,"<>")*IF(G15="출석인정",설정!$B$4,설정!$B$3),2)),"위원회 심의")),"기준 시험 평균 입력 필요"))))) | L15: =IF(A15="","",IF(F15="결시",IF(ISNUMBER(K15),K15,""),IF(H15="","",H15))) | M15: =IF(AND(ISNUMBER(L15),N(E15)>0),L15/E15*D15,"") | N15: =IF(F15<>"결시","",IF(J15<>"","직접 입력",IF(C15="수행평가","만점의 "&TEXT(설정!$B$5,"0%")&" (기본점수)",IF(COUNTIFS($A$6:$A$43,A15,$C$6:$C$43,"정기시험",$F$6:$F$43,"응시",$H$6:$H$43,"<>")>0,"⑥-1 응시한 정기시험 기준 × "&TEXT(IF(G15="출석인정",설정!$B$4,설정!$B$3),"0%"),IF(COUNTIFS($A$6:$A$43,A15,$C$6:$C$43,"수행평가",$F$6:$F$43,"응시",$H$6:$H$43,"<>")>0,"⑥-2 응시한 수행평가 기준 × "&TEXT(IF(G15="출석인정",설정!$B$4,설정!$B$3),"0%"),"⑧ 위원회 심의")))))
A16: 수학 | B16: 수행평가1 | C16: 수행평가 | D16: 20 | E16: 20 | F16: 응시 | G16: 질병 | K16: =IF(F16<>"결시","",IF(J16<>"",J16,IF(C16="수행평가",ROUND(E16*설정!$B$5,2),IF(I16="","평균 입력 필요",IFERROR(IF(COUNTIFS($A$6:$A$43,A16,$C$6:$C$43,"정기시험",$F$6:$F$43,"응시",$H$6:$H$43,"<>")>0,MIN(E16,ROUND(SUMIFS($H$6:$H$43,$A$6:$A$43,A16,$C$6:$C$43,"정기시험",$F$6:$F$43,"응시",$H$6:$H$43,"<>")*I16/SUMIFS($I$6:$I$43,$A$6:$A$43,A16,$C$6:$C$43,"정기시험",$F$6:$F$43,"응시",$H$6:$H$43,"<>")*IF(G16="출석인정",설정!$B$4,설정!$B$3),2)),IF(COUNTIFS($A$6:$A$43,A16,$C$6:$C$43,"수행평가",$F$6:$F$43,"응시",$H$6:$H$43,"<>")>0,MIN(E16,ROUND(SUMIFS($H$6:$H$43,$A$6:$A$43,A16,$C$6:$C$43,"수행평가",$F$6:$F$43,"응시",$H$6:$H$43,"<>")*I16/SUMIFS($I$6:$I$43,$A$6:$A$43,A16,$C$6:$C$43,"수행평가",$F$6:$F$43,"응시",$H$6:$H$43,"<>")*IF(G16="출석인정",설정!$B$4,설정!$B$3),2)),"위원회 심의")),"기준 시험 평균 입력 필요"))))) | L16: =IF(A16="","",IF(F16="결시",IF(ISNUMBER(K16),K16,""),IF(H16="","",H16))) | M16: =IF(AND(ISNUMBER(L16),N(E16)>0),L16/E16*D16,"") | N16: =IF(F16<>"결시","",IF(J16<>"","직접 입력",IF(C16="수행평가","만점의 "&TEXT(설정!$B$5,"0%")&" (기본점수)",IF(COUNTIFS($A$6:$A$43,A16,$C$6:$C$43,"정기시험",$F$6:$F$43,"응시",$H$6:$H$43,"<>")>0,"⑥-1 응시한 정기시험 기준 × "&TEXT(IF(G16="출석인정",설정!$B$4,설정!$B$3),"0%"),IF(COUNTIFS($A$6:$A$43,A16,$C$6:$C$43,"수행평가",$F$6:$F$43,"응시",$H$6:$H$43,"<>")>0,"⑥-2 응시한 수행평가 기준 × "&TEXT(IF(G16="출석인정",설정!$B$4,설정!$B$3),"0%"),"⑧ 위원회 심의")))))
A17: 수학 | B17: 수행평가2 | C17: 수행평가 | D17: 20 | E17: 20 | F17: 응시 | G17: 질병 | K17: =IF(F17<>"결시","",IF(J17<>"",J17,IF(C17="수행평가",ROUND(E17*설정!$B$5,2),IF(I17="","평균 입력 필요",IFERROR(IF(COUNTIFS($A$6:$A$43,A17,$C$6:$C$43,"정기시험",$F$6:$F$43,"응시",$H$6:$H$43,"<>")>0,MIN(E17,ROUND(SUMIFS($H$6:$H$43,$A$6:$A$43,A17,$C$6:$C$43,"정기시험",$F$6:$F$43,"응시",$H$6:$H$43,"<>")*I17/SUMIFS($I$6:$I$43,$A$6:$A$43,A17,$C$6:$C$43,"정기시험",$F$6:$F$43,"응시",$H$6:$H$43,"<>")*IF(G17="출석인정",설정!$B$4,설정!$B$3),2)),IF(COUNTIFS($A$6:$A$43,A17,$C$6:$C$43,"수행평가",$F$6:$F$43,"응시",$H$6:$H$43,"<>")>0,MIN(E17,ROUND(SUMIFS($H$6:$H$43,$A$6:$A$43,A17,$C$6:$C$43,"수행평가",$F$6:$F$43,"응시",$H$6:$H$43,"<>")*I17/SUMIFS($I$6:$I$43,$A$6:$A$43,A17,$C$6:$C$43,"수행평가",$F$6:$F$43,"응시",$H$6:$H$43,"<>")*IF(G17="출석인정",설정!$B$4,설정!$B$3),2)),"위원회 심의")),"기준 시험 평균 입력 필요"))))) | L17: =IF(A17="","",IF(F17="결시",IF(ISNUMBER(K17),K17,""),IF(H17="","",H17))) | M17: =IF(AND(ISNUMBER(L17),N(E17)>0),L17/E17*D17,"") | N17: =IF(F17<>"결시","",IF(J17<>"","직접 입력",IF(C17="수행평가","만점의 "&TEXT(설정!$B$5,"0%")&" (기본점수)",IF(COUNTIFS($A$6:$A$43,A17,$C$6:$C$43,"정기시험",$F$6:$F$43,"응시",$H$6:$H$43,"<>")>0,"⑥-1 응시한 정기시험 기준 × "&TEXT(IF(G17="출석인정",설정!$B$4,설정!$B$3),"0%"),IF(COUNTIFS($A$6:$A$43,A17,$C$6:$C$43,"수행평가",$F$6:$F$43,"응시",$H$6:$H$43,"<>")>0,"⑥-2 응시한 수행평가 기준 × "&TEXT(IF(G17="출석인정",설정!$B$4,설정!$B$3),"0%"),"⑧ 위원회 심의")))))
... A27: 과학실험 | B27: 수행평가2 | C27: 수행평가 | D27: 50 | E27: 50 | F27: 응시 | G27: 질병 | K27: =IF(F27<>"결시","",IF(J27<>"",J27,IF(C27="수행평가",ROUND(E27*설정!$B$5,2),IF(I27="","평균 입력 필요",IFERROR(IF(COUNTIFS($A$6:$A$43,A27,$C$6:$C$43,"정기시험",$F$6:$F$43,"응시",$H$6:$H$43,"<>")>0,MIN(E27,ROUND(SUMIFS($H$6:$H$43,$A$6:$A$43,A27,$C$6:$C$43,"정기시험",$F$6:$F$43,"응시",$H$6:$H$43,"<>")*I27/SUMIFS($I$6:$I$43,$A$6:$A$43,A27,$C$6:$C$43,"정기시험",$F$6:$F$43,"응시",$H$6:$H$43,"<>")*IF(G27="출석인정",설정!$B$4,설정!$B$3),2)),IF(COUNTIFS($A$6:$A$43,A27,$C$6:$C$43,"수행평가",$F$6:$F$43,"응시",$H$6:$H$43,"<>")>0,MIN(E27,ROUND(SUMIFS($H$6:$H$43,$A$6:$A$43,A27,$C$6:$C$43,"수행평가",$F$6:$F$43,"응시",$H$6:$H$43,"<>")*I27/SUMIFS($I$6:$I$43,$A$6:$A$43,A27,$C$6:$C$43,"수행평가",$F$6:$F$43,"응시",$H$6:$H$43,"<>")*IF(G27="출석인정",설정!$B$4,설정!$B$3),2)),"위원회 심의")),"기준 시험 평균 입력 필요"))))) | L27: =IF(A27="","",IF(F27="결시",IF(ISNUMBER(K27),K27,""),IF(H27="","",H27))) | M27: =IF(AND(ISNUMBER(L27),N(E27)>0),L27/E27*D27,"") | N27: =IF(F27<>"결시","",IF(J27<>"","직접 입력",IF(C27="수행평가","만점의 "&TEXT(설정!$B$5,"0%")&" (기본점수)",IF(COUNTIFS($A$6:$A$43,A27,$C$6:$C$43,"정기시험",$F$6:$F$43,"응시",$H$6:$H$43,"<>")>0,"⑥-1 응시한 정기시험 기준 × "&TEXT(IF(G27="출석인정",설정!$B$4,설정!$B$3),"0%"),IF(COUNTIFS($A$6:$A$43,A27,$C$6:$C$43,"수행평가",$F$6:$F$43,"응시",$H$6:$H$43,"<>")>0,"⑥-2 응시한 수행평가 기준 × "&TEXT(IF(G27="출석인정",설정!$B$4,설정!$B$3),"0%"),"⑧ 위원회 심의")))))
K28: =IF(F28<>"결시","",IF(J28<>"",J28,IF(C28="수행평가",ROUND(E28*설정!$B$5,2),IF(I28="","평균 입력 필요",IFERROR(IF(COUNTIFS($A$6:$A$43,A28,$C$6:$C$43,"정기시험",$F$6:$F$43,"응시",$H$6:$H$43,"<>")>0,MIN(E28,ROUND(SUMIFS($H$6:$H$43,$A$6:$A$43,A28,$C$6:$C$43,"정기시험",$F$6:$F$43,"응시",$H$6:$H$43,"<>")*I28/SUMIFS($I$6:$I$43,$A$6:$A$43,A28,$C$6:$C$43,"정기시험",$F$6:$F$43,"응시",$H$6:$H$43,"<>")*IF(G28="출석인정",설정!$B$4,설정!$B$3),2)),IF(COUNTIFS($A$6:$A$43,A28,$C$6:$C$43,"수행평가",$F$6:$F$43,"응시",$H$6:$H$43,"<>")>0,MIN(E28,ROUND(SUMIFS($H$6:$H$43,$A$6:$A$43,A28,$C$6:$C$43,"수행평가",$F$6:$F$43,"응시",$H$6:$H$43,"<>")*I28/SUMIFS($I$6:$I$43,$A$6:$A$43,A28,$C$6:$C$43,"수행평가",$F$6:$F$43,"응시",$H$6:$H$43,"<>")*IF(G28="출석인정",설정!$B$4,설정!$B$3),2)),"위원회 심의")),"기준 시험 평균 입력 필요"))))) | L28: =IF(A28="","",IF(F28="결시",IF(ISNUMBER(K28),K28,""),IF(H28="","",H28))) | M28: =IF(AND(ISNUMBER(L28),N(E28)>0),L28/E28*D28,"") | N28: =IF(F28<>"결시","",IF(J28<>"","직접 입력",IF(C28="수행평가","만점의 "&TEXT(설정!$B$5,"0%")&" (기본점수)",IF(COUNTIFS($A$6:$A$43,A28,$C$6:$C$43,"정기시험",$F$6:$F$43,"응시",$H$6:$H$43,"<>")>0,"⑥-1 응시한 정기시험 기준 × "&TEXT(IF(G28="출석인정",설정!$B$4,설정!$B$3),"0%"),IF(COUNTIFS($A$6:$A$43,A28,$C$6:$C$43,"수행평가",$F$6:$F$43,"응시",$H$6:$H$43,"<>")>0,"⑥-2 응시한 수행평가 기준 × "&TEXT(IF(G28="출석인정",설정!$B$4,설정!$B$3),"0%"),"⑧ 위원회 심의")))))
K29: =IF(F29<>"결시","",IF(J29<>"",J29,IF(C29="수행평가",ROUND(E29*설정!$B$5,2),IF(I29="","평균 입력 필요",IFERROR(IF(COUNTIFS($A$6:$A$43,A29,$C$6:$C$43,"정기시험",$F$6:$F$43,"응시",$H$6:$H$43,"<>")>0,MIN(E29,ROUND(SUMIFS($H$6:$H$43,$A$6:$A$43,A29,$C$6:$C$43,"정기시험",$F$6:$F$43,"응시",$H$6:$H$43,"<>")*I29/SUMIFS($I$6:$I$43,$A$6:$A$43,A29,$C$6:$C$43,"정기시험",$F$6:$F$43,"응시",$H$6:$H$43,"<>")*IF(G29="출석인정",설정!$B$4,설정!$B$3),2)),IF(COUNTIFS($A$6:$A$43,A29,$C$6:$C$43,"수행평가",$F$6:$F$43,"응시",$H$6:$H$43,"<>")>0,MIN(E29,ROUND(SUMIFS($H$6:$H$43,$A$6:$A$43,A29,$C$6:$C$43,"수행평가",$F$6:$F$43,"응시",$H$6:$H$43,"<>")*I29/SUMIFS($I$6:$I$43,$A$6:$A$43,A29,$C$6:$C$43,"수행평가",$F$6:$F$43,"응시",$H$6:$H$43,"<>")*IF(G29="출석인정",설정!$B$4,설정!$B$3),2)),"위원회 심의")),"기준 시험 평균 입력 필요"))))) | L29: =IF(A29="","",IF(F29="결시",IF(ISNUMBER(K29),K29,""),IF(H29="","",H29))) | M29: =IF(AND(ISNUMBER(L29),N(E29)>0),L29/E29*D29,"") | N29: =IF(F29<>"결시","",IF(J29<>"","직접 입력",IF(C29="수행평가","만점의 "&TEXT(설정!$B$5,"0%")&" (기본점수)",IF(COUNTIFS($A$6:$A$43,A29,$C$6:$C$43,"정기시험",$F$6:$F$43,"응시",$H$6:$H$43,"<>")>0,"⑥-1 응시한 정기시험 기준 × "&TEXT(IF(G29="출석인정",설정!$B$4,설정!$B$3),"0%"),IF(COUNTIFS($A$6:$A$43,A29,$C$6:$C$43,"수행평가",$F$6:$F$43,"응시",$H$6:$H$43,"<>")>0,"⑥-2 응시한 수행평가 기준 × "&TEXT(IF(G29="출석인정",설정!$B$4,설정!$B$3),"0%"),"⑧ 위원회 심의")))))
K30: =IF(F30<>"결시","",IF(J30<>"",J30,IF(C30="수행평가",ROUND(E30*설정!$B$5,2),IF(I30="","평균 입력 필요",IFERROR(IF(COUNTIFS($A$6:$A$43,A30,$C$6:$C$43,"정기시험",$F$6:$F$43,"응시",$H$6:$H$43,"<>")>0,MIN(E30,ROUND(SUMIFS($H$6:$H$43,$A$6:$A$43,A30,$C$6:$C$43,"정기시험",$F$6:$F$43,"응시",$H$6:$H$43,"<>")*I30/SUMIFS($I$6:$I$43,$A$6:$A$43,A30,$C$6:$C$43,"정기시험",$F$6:$F$43,"응시",$H$6:$H$43,"<>")*IF(G30="출석인정",설정!$B$4,설정!$B$3),2)),IF(COUNTIFS($A$6:$A$43,A30,$C$6:$C$43,"수행평가",$F$6:$F$43,"응시",$H$6:$H$43,"<>")>0,MIN(E30,ROUND(SUMIFS($H$6:$H$43,$A$6:$A$43,A30,$C$6:$C$43,"수행평가",$F$6:$F$43,"응시",$H$6:$H$43,"<>")*I30/SUMIFS($I$6:$I$43,$A$6:$A$43,A30,$C$6:$C$43,"수행평가",$F$6:$F$43,"응시",$H$6:$H$43,"<>")*IF(G30="출석인정",설정!$B$4,설정!$B$3),2)),"위원회 심의")),"기준 시험 평균 입력 필요"))))) | L30: =IF(A30="","",IF(F30="결시",IF(ISNUMBER(K30),K30,""),IF(H30="","",H30))) | M30: =IF(AND(ISNUMBER(L30),N(E30)>0),L30/E30*D30,"") | N30: =IF(F30<>"결시","",IF(J30<>"","직접 입력",IF(C30="수행평가","만점의 "&TEXT(설정!$B$5,"0%")&" (기본점수)",IF(COUNTIFS($A$6:$A$43,A30,$C$6:$C$43,"정기시험",$F$6:$F$43,"응시",$H$6:$H$43,"<>")>0,"⑥-1 응시한 정기시험 기준 × "&TEXT(IF(G30="출석인정",설정!$B$4,설정!$B$3),"0%"),IF(COUNTIFS($A$6:$A$43,A30,$C$6:$C$43,"수행평가",$F$6:$F$43,"응시",$H$6:$H$43,"<>")>0,"⑥-2 응시한 수행평가 기준 × "&TEXT(IF(G30="출석인정",설정!$B$4,설정!$B$3),"0%"),"⑧ 위원회 심의")))))
K31: =IF(F31<>"결시","",IF(J31<>"",J31,IF(C31="수행평가",ROUND(E31*설정!$B$5,2),IF(I31="","평균 입력 필요",IFERROR(IF(COUNTIFS($A$6:$A$43,A31,$C$6:$C$43,"정기시험",$F$6:$F$43,"응시",$H$6:$H$43,"<>")>0,MIN(E31,ROUND(SUMIFS($H$6:$H$43,$A$6:$A$43,A31,$C$6:$C$43,"정기시험",$F$6:$F$43,"응시",$H$6:$H$43,"<>")*I31/SUMIFS($I$6:$I$43,$A$6:$A$43,A31,$C$6:$C$43,"정기시험",$F$6:$F$43,"응시",$H$6:$H$43,"<>")*IF(G31="출석인정",설정!$B$4,설정!$B$3),2)),IF(COUNTIFS($A$6:$A$43,A31,$C$6:$C$43,"수행평가",$F$6:$F$43,"응시",$H$6:$H$43,"<>")>0,MIN(E31,ROUND(SUMIFS($H$6:$H$43,$A$6:$A$43,A31,$C$6:$C$43,"수행평가",$F$6:$F$43,"응시",$H$6:$H$43,"<>")*I31/SUMIFS($I$6:$I$43,$A$6:$A$43,A31,$C$6:$C$43,"수행평가",$F$6:$F$43,"응시",$H$6:$H$43,"<>")*IF(G31="출석인정",설정!$B$4,설정!$B$3),2)),"위원회 심의")),"기준 시험 평균 입력 필요"))))) | L31: =IF(A31="","",IF(F31="결시",IF(ISNUMBER(K31),K31,""),IF(H31="","",H31))) | M31: =IF(AND(ISNUMBER(L31),N(E31)>0),L31/E31*D31,"") | N31: =IF(F31<>"결시","",IF(J31<>"","직접 입력",IF(C31="수행평가","만점의 "&TEXT(설정!$B$5,"0%")&" (기본점수)",IF(COUNTIFS($A$6:$A$43,A31,$C$6:$C$43,"정기시험",$F$6:$F$43,"응시",$H$6:$H$43,"<>")>0,"⑥-1 응시한 정기시험 기준 × "&TEXT(IF(G31="출석인정",설정!$B$4,설정!$B$3),"0%"),IF(COUNTIFS($A$6:$A$43,A31,$C$6:$C$43,"수행평가",$F$6:$F$43,"응시",$H$6:$H$43,"<>")>0,"⑥-2 응시한 수행평가 기준 × "&TEXT(IF(G31="출석인정",설정!$B$4,설정!$B$3),"0%"),"⑧ 위원회 심의")))))
K32: =IF(F32<>"결시","",IF(J32<>"",J32,IF(C32="수행평가",ROUND(E32*설정!$B$5,2),IF(I32="","평균 입력 필요",IFERROR(IF(COUNTIFS($A$6:$A$43,A32,$C$6:$C$43,"정기시험",$F$6:$F$43,"응시",$H$6:$H$43,"<>")>0,MIN(E32,ROUND(SUMIFS($H$6:$H$43,$A$6:$A$43,A32,$C$6:$C$43,"정기시험",$F$6:$F$43,"응시",$H$6:$H$43,"<>")*I32/SUMIFS($I$6:$I$43,$A$6:$A$43,A32,$C$6:$C$43,"정기시험",$F$6:$F$43,"응시",$H$6:$H$43,"<>")*IF(G32="출석인정",설정!$B$4,설정!$B$3),2)),IF(COUNTIFS($A$6:$A$43,A32,$C$6:$C$43,"수행평가",$F$6:$F$43,"응시",$H$6:$H$43,"<>")>0,MIN(E32,ROUND(SUMIFS($H$6:$H$43,$A$6:$A$43,A32,$C$6:$C$43,"수행평가",$F$6:$F$43,"응시",$H$6:$H$43,"<>")*I32/SUMIFS($I$6:$I$43,$A$6:$A$43,A32,$C$6:$C$43,"수행평가",$F$6:$F$43,"응시",$H$6:$H$43,"<>")*IF(G32="출석인정",설정!$B$4,설정!$B$3),2)),"위원회 심의")),"기준 시험 평균 입력 필요"))))) | L32: =IF(A32="","",IF(F32="결시",IF(ISNUMBER(K32),K32,""),IF(H32="","",H32))) | M32: =IF(AND(ISNUMBER(L32),N(E32)>0),L32/E32*D32,"") | N32: =IF(F32<>"결시","",IF(J32<>"","직접 입력",IF(C32="수행평가","만점의 "&TEXT(설정!$B$5,"0%")&" (기본점수)",IF(COUNTIFS($A$6:$A$43,A32,$C$6:$C$43,"정기시험",$F$6:$F$43,"응시",$H$6:$H$43,"<>")>0,"⑥-1 응시한 정기시험 기준 × "&TEXT(IF(G32="출석인정",설정!$B$4,설정!$B$3),"0%"),IF(COUNTIFS($A$6:$A$43,A32,$C$6:$C$43,"수행평가",$F$6:$F$43,"응시",$H$6:$H$43,"<>")>0,"⑥-2 응시한 수행평가 기준 × "&TEXT(IF(G32="출석인정",설정!$B$4,설정!$B$3),"0%"),"⑧ 위원회 심의")))))
K33: =IF(F33<>"결시","",IF(J33<>"",J33,IF(C33="수행평가",ROUND(E33*설정!$B$5,2),IF(I33="","평균 입력 필요",IFERROR(IF(COUNTIFS($A$6:$A$43,A33,$C$6:$C$43,"정기시험",$F$6:$F$43,"응시",$H$6:$H$43,"<>")>0,MIN(E33,ROUND(SUMIFS($H$6:$H$43,$A$6:$A$43,A33,$C$6:$C$43,"정기시험",$F$6:$F$43,"응시",$H$6:$H$43,"<>")*I33/SUMIFS($I$6:$I$43,$A$6:$A$43,A33,$C$6:$C$43,"정기시험",$F$6:$F$43,"응시",$H$6:$H$43,"<>")*IF(G33="출석인정",설정!$B$4,설정!$B$3),2)),IF(COUNTIFS($A$6:$A$43,A33,$C$6:$C$43,"수행평가",$F$6:$F$43,"응시",$H$6:$H$43,"<>")>0,MIN(E33,ROUND(SUMIFS($H$6:$H$43,$A$6:$A$43,A33,$C$6:$C$43,"수행평가",$F$6:$F$43,"응시",$H$6:$H$43,"<>")*I33/SUMIFS($I$6:$I$43,$A$6:$A$43,A33,$C$6:$C$43,"수행평가",$F$6:$F$43,"응시",$H$6:$H$43,"<>")*IF(G33="출석인정",설정!$B$4,설정!$B$3),2)),"위원회 심의")),"기준 시험 평균 입력 필요"))))) | L33: =IF(A33="","",IF(F33="결시",IF(ISNUMBER(K33),K33,""),IF(H33="","",H33))) | M33: =IF(AND(ISNUMBER(L33),N(E33)>0),L33/E33*D33,"") | N33: =IF(F33<>"결시","",IF(J33<>"","직접 입력",IF(C33="수행평가","만점의 "&TEXT(설정!$B$5,"0%")&" (기본점수)",IF(COUNTIFS($A$6:$A$43,A33,$C$6:$C$43,"정기시험",$F$6:$F$43,"응시",$H$6:$H$43,"<>")>0,"⑥-1 응시한 정기시험 기준 × "&TEXT(IF(G33="출석인정",설정!$B$4,설정!$B$3),"0%"),IF(COUNTIFS($A$6:$A$43,A33,$C$6:$C$43,"수행평가",$F$6:$F$43,"응시",$H$6:$H$43,"<>")>0,"⑥-2 응시한 수행평가 기준 × "&TEXT(IF(G33="출석인정",설정!$B$4,설정!$B$3),"0%"),"⑧ 위원회 심의")))))
K34: =IF(F34<>"결시","",IF(J34<>"",J34,IF(C34="수행평가",ROUND(E34*설정!$B$5,2),IF(I34="","평균 입력 필요",IFERROR(IF(COUNTIFS($A$6:$A$43,A34,$C$6:$C$43,"정기시험",$F$6:$F$43,"응시",$H$6:$H$43,"<>")>0,MIN(E34,ROUND(SUMIFS($H$6:$H$43,$A$6:$A$43,A34,$C$6:$C$43,"정기시험",$F$6:$F$43,"응시",$H$6:$H$43,"<>")*I34/SUMIFS($I$6:$I$43,$A$6:$A$43,A34,$C$6:$C$43,"정기시험",$F$6:$F$43,"응시",$H$6:$H$43,"<>")*IF(G34="출석인정",설정!$B$4,설정!$B$3),2)),IF(COUNTIFS($A$6:$A$43,A34,$C$6:$C$43,"수행평가",$F$6:$F$43,"응시",$H$6:$H$43,"<>")>0,MIN(E34,ROUND(SUMIFS($H$6:$H$43,$A$6:$A$43,A34,$C$6:$C$43,"수행평가",$F$6:$F$43,"응시",$H$6:$H$43,"<>")*I34/SUMIFS($I$6:$I$43,$A$6:$A$43,A34,$C$6:$C$43,"수행평가",$F$6:$F$43,"응시",$H$6:$H$43,"<>")*IF(G34="출석인정",설정!$B$4,설정!$B$3),2)),"위원회 심의")),"기준 시험 평균 입력 필요"))))) | L34: =IF(A34="","",IF(F34="결시",IF(ISNUMBER(K34),K34,""),IF(H34="","",H34))) | M34: =IF(AND(ISNUMBER(L34),N(E34)>0),L34/E34*D34,"") | N34: =IF(F34<>"결시","",IF(J34<>"","직접 입력",IF(C34="수행평가","만점의 "&TEXT(설정!$B$5,"0%")&" (기본점수)",IF(COUNTIFS($A$6:$A$43,A34,$C$6:$C$43,"정기시험",$F$6:$F$43,"응시",$H$6:$H$43,"<>")>0,"⑥-1 응시한 정기시험 기준 × "&TEXT(IF(G34="출석인정",설정!$B$4,설정!$B$3),"0%"),IF(COUNTIFS($A$6:$A$43,A34,$C$6:$C$43,"수행평가",$F$6:$F$43,"응시",$H$6:$H$43,"<>")>0,"⑥-2 응시한 수행평가 기준 × "&TEXT(IF(G34="출석인정",설정!$B$4,설정!$B$3),"0%"),"⑧ 위원회 심의")))))
K35: =IF(F35<>"결시","",IF(J35<>"",J35,IF(C35="수행평가",ROUND(E35*설정!$B$5,2),IF(I35="","평균 입력 필요",IFERROR(IF(COUNTIFS($A$6:$A$43,A35,$C$6:$C$43,"정기시험",$F$6:$F$43,"응시",$H$6:$H$43,"<>")>0,MIN(E35,ROUND(SUMIFS($H$6:$H$43,$A$6:$A$43,A35,$C$6:$C$43,"정기시험",$F$6:$F$43,"응시",$H$6:$H$43,"<>")*I35/SUMIFS($I$6:$I$43,$A$6:$A$43,A35,$C$6:$C$43,"정기시험",$F$6:$F$43,"응시",$H$6:$H$43,"<>")*IF(G35="출석인정",설정!$B$4,설정!$B$3),2)),IF(COUNTIFS($A$6:$A$43,A35,$C$6:$C$43,"수행평가",$F$6:$F$43,"응시",$H$6:$H$43,"<>")>0,MIN(E35,ROUND(SUMIFS($H$6:$H$43,$A$6:$A$43,A35,$C$6:$C$43,"수행평가",$F$6:$F$43,"응시",$H$6:$H$43,"<>")*I35/SUMIFS($I$6:$I$43,$A$6:$A$43,A35,$C$6:$C$43,"수행평가",$F$6:$F$43,"응시",$H$6:$H$43,"<>")*IF(G35="출석인정",설정!$B$4,설정!$B$3),2)),"위원회 심의")),"기준 시험 평균 입력 필요"))))) | L35: =IF(A35="","",IF(F35="결시",IF(ISNUMBER(K35),K35,""),IF(H35="","",H35))) | M35: =IF(AND(ISNUMBER(L35),N(E35)>0),L35/E35*D35,"") | N35: =IF(F35<>"결시","",IF(J35<>"","직접 입력",IF(C35="수행평가","만점의 "&TEXT(설정!$B$5,"0%")&" (기본점수)",IF(COUNTIFS($A$6:$A$43,A35,$C$6:$C$43,"정기시험",$F$6:$F$43,"응시",$H$6:$H$43,"<>")>0,"⑥-1 응시한 정기시험 기준 × "&TEXT(IF(G35="출석인정",설정!$B$4,설정!$B$3),"0%"),IF(COUNTIFS($A$6:$A$43,A35,$C$6:$C$43,"수행평가",$F$6:$F$43,"응시",$H$6:$H$43,"<>")>0,"⑥-2 응시한 수행평가 기준 × "&TEXT(IF(G35="출석인정",설정!$B$4,설정!$B$3),"0%"),"⑧ 위원회 심의")))))
K36: =IF(F36<>"결시","",IF(J36<>"",J36,IF(C36="수행평가",ROUND(E36*설정!$B$5,2),IF(I36="","평균 입력 필요",IFERROR(IF(COUNTIFS($A$6:$A$43,A36,$C$6:$C$43,"정기시험",$F$6:$F$43,"응시",$H$6:$H$43,"<>")>0,MIN(E36,ROUND(SUMIFS($H$6:$H$43,$A$6:$A$43,A36,$C$6:$C$43,"정기시험",$F$6:$F$43,"응시",$H$6:$H$43,"<>")*I36/SUMIFS($I$6:$I$43,$A$6:$A$43,A36,$C$6:$C$43,"정기시험",$F$6:$F$43,"응시",$H$6:$H$43,"<>")*IF(G36="출석인정",설정!$B$4,설정!$B$3),2)),IF(COUNTIFS($A$6:$A$43,A36,$C$6:$C$43,"수행평가",$F$6:$F$43,"응시",$H$6:$H$43,"<>")>0,MIN(E36,ROUND(SUMIFS($H$6:$H$43,$A$6:$A$43,A36,$C$6:$C$43,"수행평가",$F$6:$F$43,"응시",$H$6:$H$43,"<>")*I36/SUMIFS($I$6:$I$43,$A$6:$A$43,A36,$C$6:$C$43,"수행평가",$F$6:$F$43,"응시",$H$6:$H$43,"<>")*IF(G36="출석인정",설정!$B$4,설정!$B$3),2)),"위원회 심의")),"기준 시험 평균 입력 필요"))))) | L36: =IF(A36="","",IF(F36="결시",IF(ISNUMBER(K36),K36,""),IF(H36="","",H36))) | M36: =IF(AND(ISNUMBER(L36),N(E36)>0),L36/E36*D36,"") | N36: =IF(F36<>"결시","",IF(J36<>"","직접 입력",IF(C36="수행평가","만점의 "&TEXT(설정!$B$5,"0%")&" (기본점수)",IF(COUNTIFS($A$6:$A$43,A36,$C$6:$C$43,"정기시험",$F$6:$F$43,"응시",$H$6:$H$43,"<>")>0,"⑥-1 응시한 정기시험 기준 × "&TEXT(IF(G36="출석인정",설정!$B$4,설정!$B$3),"0%"),IF(COUNTIFS($A$6:$A$43,A36,$C$6:$C$43,"수행평가",$F$6:$F$43,"응시",$H$6:$H$43,"<>")>0,"⑥-2 응시한 수행평가 기준 × "&TEXT(IF(G36="출석인정",설정!$B$4,설정!$B$3),"0%"),"⑧ 위원회 심의")))))
K37: =IF(F37<>"결시","",IF(J37<>"",J37,IF(C37="수행평가",ROUND(E37*설정!$B$5,2),IF(I37="","평균 입력 필요",IFERROR(IF(COUNTIFS($A$6:$A$43,A37,$C$6:$C$43,"정기시험",$F$6:$F$43,"응시",$H$6:$H$43,"<>")>0,MIN(E37,ROUND(SUMIFS($H$6:$H$43,$A$6:$A$43,A37,$C$6:$C$43,"정기시험",$F$6:$F$43,"응시",$H$6:$H$43,"<>")*I37/SUMIFS($I$6:$I$43,$A$6:$A$43,A37,$C$6:$C$43,"정기시험",$F$6:$F$43,"응시",$H$6:$H$43,"<>")*IF(G37="출석인정",설정!$B$4,설정!$B$3),2)),IF(COUNTIFS($A$6:$A$43,A37,$C$6:$C$43,"수행평가",$F$6:$F$43,"응시",$H$6:$H$43,"<>")>0,MIN(E37,ROUND(SUMIFS($H$6:$H$43,$A$6:$A$43,A37,$C$6:$C$43,"수행평가",$F$6:$F$43,"응시",$H$6:$H$43,"<>")*I37/SUMIFS($I$6:$I$43,$A$6:$A$43,A37,$C$6:$C$43,"수행평가",$F$6:$F$43,"응시",$H$6:$H$43,"<>")*IF(G37="출석인정",설정!$B$4,설정!$B$3),2)),"위원회 심의")),"기준 시험 평균 입력 필요"))))) | L37: =IF(A37="","",IF(F37="결시",IF(ISNUMBER(K37),K37,""),IF(H37="","",H37))) | M37: =IF(AND(ISNUMBER(L37),N(E37)>0),L37/E37*D37,"") | N37: =IF(F37<>"결시","",IF(J37<>"","직접 입력",IF(C37="수행평가","만점의 "&TEXT(설정!$B$5,"0%")&" (기본점수)",IF(COUNTIFS($A$6:$A$43,A37,$C$6:$C$43,"정기시험",$F$6:$F$43,"응시",$H$6:$H$43,"<>")>0,"⑥-1 응시한 정기시험 기준 × "&TEXT(IF(G37="출석인정",설정!$B$4,설정!$B$3),"0%"),IF(COUNTIFS($A$6:$A$43,A37,$C$6:$C$43,"수행평가",$F$6:$F$43,"응시",$H$6:$H$43,"<>")>0,"⑥-2 응시한 수행평가 기준 × "&TEXT(IF(G37="출석인정",설정!$B$4,설정!$B$3),"0%"),"⑧ 위원회 심의")))))
K38: =IF(F38<>"결시","",IF(J38<>"",J38,IF(C38="수행평가",ROUND(E38*설정!$B$5,2),IF(I38="","평균 입력 필요",IFERROR(IF(COUNTIFS($A$6:$A$43,A38,$C$6:$C$43,"정기시험",$F$6:$F$43,"응시",$H$6:$H$43,"<>")>0,MIN(E38,ROUND(SUMIFS($H$6:$H$43,$A$6:$A$43,A38,$C$6:$C$43,"정기시험",$F$6:$F$43,"응시",$H$6:$H$43,"<>")*I38/SUMIFS($I$6:$I$43,$A$6:$A$43,A38,$C$6:$C$43,"정기시험",$F$6:$F$43,"응시",$H$6:$H$43,"<>")*IF(G38="출석인정",설정!$B$4,설정!$B$3),2)),IF(COUNTIFS($A$6:$A$43,A38,$C$6:$C$43,"수행평가",$F$6:$F$43,"응시",$H$6:$H$43,"<>")>0,MIN(E38,ROUND(SUMIFS($H$6:$H$43,$A$6:$A$43,A38,$C$6:$C$43,"수행평가",$F$6:$F$43,"응시",$H$6:$H$43,"<>")*I38/SUMIFS($I$6:$I$43,$A$6:$A$43,A38,$C$6:$C$43,"수행평가",$F$6:$F$43,"응시",$H$6:$H$43,"<>")*IF(G38="출석인정",설정!$B$4,설정!$B$3),2)),"위원회 심의")),"기준 시험 평균 입력 필요"))))) | L38: =IF(A38="","",IF(F38="결시",IF(ISNUMBER(K38),K38,""),IF(H38="","",H38))) | M38: =IF(AND(ISNUMBER(L38),N(E38)>0),L38/E38*D38,"") | N38: =IF(F38<>"결시","",IF(J38<>"","직접 입력",IF(C38="수행평가","만점의 "&TEXT(설정!$B$5,"0%")&" (기본점수)",IF(COUNTIFS($A$6:$A$43,A38,$C$6:$C$43,"정기시험",$F$6:$F$43,"응시",$H$6:$H$43,"<>")>0,"⑥-1 응시한 정기시험 기준 × "&TEXT(IF(G38="출석인정",설정!$B$4,설정!$B$3),"0%"),IF(COUNTIFS($A$6:$A$43,A38,$C$6:$C$43,"수행평가",$F$6:$F$43,"응시",$H$6:$H$43,"<>")>0,"⑥-2 응시한 수행평가 기준 × "&TEXT(IF(G38="출석인정",설정!$B$4,설정!$B$3),"0%"),"⑧ 위원회 심의")))))
K39: =IF(F39<>"결시","",IF(J39<>"",J39,IF(C39="수행평가",ROUND(E39*설정!$B$5,2),IF(I39="","평균 입력 필요",IFERROR(IF(COUNTIFS($A$6:$A$43,A39,$C$6:$C$43,"정기시험",$F$6:$F$43,"응시",$H$6:$H$43,"<>")>0,MIN(E39,ROUND(SUMIFS($H$6:$H$43,$A$6:$A$43,A39,$C$6:$C$43,"정기시험",$F$6:$F$43,"응시",$H$6:$H$43,"<>")*I39/SUMIFS($I$6:$I$43,$A$6:$A$43,A39,$C$6:$C$43,"정기시험",$F$6:$F$43,"응시",$H$6:$H$43,"<>")*IF(G39="출석인정",설정!$B$4,설정!$B$3),2)),IF(COUNTIFS($A$6:$A$43,A39,$C$6:$C$43,"수행평가",$F$6:$F$43,"응시",$H$6:$H$43,"<>")>0,MIN(E39,ROUND(SUMIFS($H$6:$H$43,$A$6:$A$43,A39,$C$6:$C$43,"수행평가",$F$6:$F$43,"응시",$H$6:$H$43,"<>")*I39/SUMIFS($I$6:$I$43,$A$6:$A$43,A39,$C$6:$C$43,"수행평가",$F$6:$F$43,"응시",$H$6:$H$43,"<>")*IF(G39="출석인정",설정!$B$4,설정!$B$3),2)),"위원회 심의")),"기준 시험 평균 입력 필요"))))) | L39: =IF(A39="","",IF(F39="결시",IF(ISNUMBER(K39),K39,""),IF(H39="","",H39))) | M39: =IF(AND(ISNUMBER(L39),N(E39)>0),L39/E39*D39,"") | N39: =IF(F39<>"결시","",IF(J39<>"","직접 입력",IF(C39="수행평가","만점의 "&TEXT(설정!$B$5,"0%")&" (기본점수)",IF(COUNTIFS($A$6:$A$43,A39,$C$6:$C$43,"정기시험",$F$6:$F$43,"응시",$H$6:$H$43,"<>")>0,"⑥-1 응시한 정기시험 기준 × "&TEXT(IF(G39="출석인정",설정!$B$4,설정!$B$3),"0%"),IF(COUNTIFS($A$6:$A$43,A39,$C$6:$C$43,"수행평가",$F$6:$F$43,"응시",$H$6:$H$43,"<>")>0,"⑥-2 응시한 수행평가 기준 × "&TEXT(IF(G39="출석인정",설정!$B$4,설정!$B$3),"0%"),"⑧ 위원회 심의")))))
... K43: =IF(F43<>"결시","",IF(J43<>"",J43,IF(C43="수행평가",ROUND(E43*설정!$B$5,2),IF(I43="","평균 입력 필요",IFERROR(IF(COUNTIFS($A$6:$A$43,A43,$C$6:$C$43,"정기시험",$F$6:$F$43,"응시",$H$6:$H$43,"<>")>0,MIN(E43,ROUND(SUMIFS($H$6:$H$43,$A$6:$A$43,A43,$C$6:$C$43,"정기시험",$F$6:$F$43,"응시",$H$6:$H$43,"<>")*I43/SUMIFS($I$6:$I$43,$A$6:$A$43,A43,$C$6:$C$43,"정기시험",$F$6:$F$43,"응시",$H$6:$H$43,"<>")*IF(G43="출석인정",설정!$B$4,설정!$B$3),2)),IF(COUNTIFS($A$6:$A$43,A43,$C$6:$C$43,"수행평가",$F$6:$F$43,"응시",$H$6:$H$43,"<>")>0,MIN(E43,ROUND(SUMIFS($H$6:$H$43,$A$6:$A$43,A43,$C$6:$C$43,"수행평가",$F$6:$F$43,"응시",$H$6:$H$43,"<>")*I43/SUMIFS($I$6:$I$43,$A$6:$A$43,A43,$C$6:$C$43,"수행평가",$F$6:$F$43,"응시",$H$6:$H$43,"<>")*IF(G43="출석인정",설정!$B$4,설정!$B$3),2)),"위원회 심의")),"기준 시험 평균 입력 필요"))))) | L43: =IF(A43="","",IF(F43="결시",IF(ISNUMBER(K43),K43,""),IF(H43="","",H43))) | M43: =IF(AND(ISNUMBER(L43),N(E43)>0),L43/E43*D43,"") | N43: =IF(F43<>"결시","",IF(J43<>"","직접 입력",IF(C43="수행평가","만점의 "&TEXT(설정!$B$5,"0%")&" (기본점수)",IF(COUNTIFS($A$6:$A$43,A43,$C$6:$C$43,"정기시험",$F$6:$F$43,"응시",$H$6:$H$43,"<>")>0,"⑥-1 응시한 정기시험 기준 × "&TEXT(IF(G43="출석인정",설정!$B$4,설정!$B$3),"0%"),IF(COUNTIFS($A$6:$A$43,A43,$C$6:$C$43,"수행평가",$F$6:$F$43,"응시",$H$6:$H$43,"<>")>0,"⑥-2 응시한 수행평가 기준 × "&TEXT(IF(G43="출석인정",설정!$B$4,설정!$B$3),"0%"),"⑧ 위원회 심의")))))

Sheet 설정
A1: 설정값 (노란 칸만 바꾸세요)
A2: 항목 | B2: 값 | C2: 근거
A3: 질병 결시 인정 비율 | B3: 0.8 | C3: 학업성적관리규정 제22조 ④ (사용자 확인: 질병 결시 80%)
A4: 출석인정 결시 인정 비율 | B4: 1 | C4: 학업성적관리규정 제22조 ⑥ 예시 (출석인정 100%)
A5: 수행평가 결시 기본점수 (만점 대비) | B5: 0.3 | C5: 사용자 지정: 수행평가 결시는 만점의 30%만 부여

Sheet 사용법
A1: 사용법
A2: 1. 계산기 시트의 노란 칸만 입력합니다. 흰 칸(인정점·적용 점수·반영점수·산출 근거)은 자동 계산됩니다.
A3: 2. 본 시험: 원점수와 그 시험의 과목평균을 넣습니다(과목평균은 다른 시험이 결시일 때 계산에 쓰임).
A4: 3. 못 본 시험: 응시/결시를 '결시'로, 결시 사유를 고르고, 그 시험의 과목평균을 넣습니다.
A5: 4. 수행평가 결시는 만점의 30%가 자동으로 들어갑니다(설정 시트에서 비율 변경).
A6: 5. 과목을 추가하려면 계산기 시트 아래 빈 줄에 과목·항목·구분·반영비율·만점을 적고, 요약 시트에 과목 이름을 적습니다.
A8: 예시 (규정 캡처의 예시: 국어 기말 질병 결시)
A9: 항목 | B9: 응시/결시 | C9: 결시 사유 | D9: 원점수 | E9: 과목평균 | F9: 인정점
A10: 중간고사 | B10: 응시 | D10: 66.9 | E10: 68.72
A11: 기말고사 | B11: 결시 | C11: 질병 | E11: 61.45 | F11: 47.86 (= 66.9 × 61.45 ÷ 68.72 × 80%)
